{
  "content": [
    {
      "path": "html_ui/icons/ICON_VS_TOOLBAR.svg",
      "size": 1209,
      "date": 132987361980000000
    },
    {
      "path": "html_ui/icons/toolbar/ICON_VS_TOOLBAR.svg",
      "size": 1209,
      "date": 132987361980000000
    },
    {
      "path": "html_ui/InGamePanels/vsr/logo.gif",
      "size": 249199,
      "date": 133087422390000000
    },
    {
      "path": "html_ui/InGamePanels/vsr/splash/headset.gif",
      "size": 8738,
      "date": 133088638640000000
    },
    {
      "path": "html_ui/InGamePanels/vsr/splash/index.html",
      "size": 1092,
      "date": 133089111930000000
    },
    {
      "path": "html_ui/InGamePanels/vsr/splash/logo.gif",
      "size": 249199,
      "date": 133088638980000000
    },
    {
      "path": "html_ui/InGamePanels/vsr/vsr.css",
      "size": 256,
      "date": 133099754300000000
    },
    {
      "path": "html_ui/InGamePanels/vsr/vsr.html",
      "size": 1800,
      "date": 133098840370000000
    },
    {
      "path": "html_ui/InGamePanels/vsr/vsr.js",
      "size": 6623,
      "date": 133087654700000000
    },
    {
      "path": "html_ui/InGamePanels/vsr-bak/logo.gif",
      "size": 249199,
      "date": 133087422390000000
    },
    {
      "path": "html_ui/InGamePanels/vsr-bak/splash/headset.gif",
      "size": 8738,
      "date": 133088638640000000
    },
    {
      "path": "html_ui/InGamePanels/vsr-bak/splash/index.html",
      "size": 1092,
      "date": 133089111930000000
    },
    {
      "path": "html_ui/InGamePanels/vsr-bak/splash/logo.gif",
      "size": 249199,
      "date": 133088638980000000
    },
    {
      "path": "html_ui/InGamePanels/vsr-bak/vsr.css",
      "size": 1676,
      "date": 133087422390000000
    },
    {
      "path": "html_ui/InGamePanels/vsr-bak/vsr.html",
      "size": 1962,
      "date": 133097048970000000
    },
    {
      "path": "html_ui/InGamePanels/vsr-bak/vsr.js",
      "size": 6623,
      "date": 133087654700000000
    },
    {
      "path": "html_ui/Textures/Menu/toolbar/ICON_VS_TOOLBAR.svg",
      "size": 1209,
      "date": 132987361980000000
    },
    {
      "path": "InGamePanels/vs-radio-toolbar.spb",
      "size": 591,
      "date": 133109112952313520
    }
  ]
}